,thumbnail,url,property,price,rating,projectSize,location,priceList,gym,swimmingPool,security,Kids_Play_Areas,Tennis Court,Badminton Court,Squash Court,running-cycling track,Basketball court,Yoga Areas,Power Backup,Lift,Fire Fighting Systems,Party Hall,indoor_games,theatre,retail_store,Food Court,garden,Clubhouse
0,"https://www.squareyards.com/cdn-cgi/image/width=242,height=212,quality=80,fit=crop,gravity=auto,format=webp/https://static.squareyards.com/resources/images/gurgaon/tn-projectflagship/tn-signature-global-city-81-project-flagship1.jpg",https://www.squareyards.com/gurgaon-residential-property/signature-global-city-81/112380/project,Signature Global City 81,₹ 88.30 Lac - 1.10 Cr,5.0,"['1035 units ', '11.97 Acres']",Sector 81 Gurgaon,"[{'unit type': '2 BHK 955 Sq. Ft. Ind Floor', 'area': '955 Sq. Ft.', 'price': '₹ 88.30 Lac'}, {'unit type': '2 BHK 1075 Sq. Ft. Ind Floor', 'area': '1075 Sq. Ft.', 'price': '₹ 98.82 Lac'}, {'unit type': '3 BHK 1190 Sq. Ft. Ind Floor', 'area': '1190 Sq. Ft.', 'price': '₹ 1.09 Cr'}, {'unit type': '3 BHK 1205 Sq. Ft. Ind Floor', 'area': '1205 Sq. Ft.', 'price': '₹ 1.10 Cr'}]",Yes,Yes,Yes,Yes,Yes,Yes,No,Yes,Yes,Yes,Yes,Yes,Yes,Yes,Yes,Yes,No,No,Yes,Yes
1,"https://static.squareyards.com/cdn-cgi/image/width=242,height=212,quality=80,fit=crop,gravity=auto,format=webp/resources/images/gurgaon/tn-projectflagship/tn-signature-global-park-project-flagship1.jpg",https://www.squareyards.com/gurgaon-residential-property/signature-global-park/10718/project,Signature Global Park,₹ 37.90 Lac - 73.27 Lac,5.0,"['2204 units ', '25 Acres']",Sohna Sector 36 Gurgaon,"[{'unit type': '2 BHK 514 Sq. Ft. Ind Floor', 'area': '514 Sq. Ft.', 'price': '₹ 41.89 Lac'}, {'unit type': '2 BHK 465 Sq. Ft. Ind Floor', 'area': '465 Sq. Ft.', 'price': '₹ 37.90 Lac'}, {'unit type': '2 BHK 528 Sq. Ft. Ind Floor', 'area': '528 Sq. Ft.', 'price': '₹ 43.03 Lac'}, {'unit type': '2 BHK 721 Sq. Ft. Ind Floor', 'area': '721 Sq. Ft.', 'price': '₹ 58.76 Lac'}, {'unit type': '3 BHK 899 Sq. Ft. Ind Floor', 'area': '899 Sq. Ft.', 'price': '₹ 73.27 Lac'}]",Yes,Yes,Yes,Yes,Yes,Yes,No,Yes,Yes,Yes,Yes,Yes,Yes,Yes,Yes,Yes,No,No,Yes,Yes
2,"https://static.squareyards.com/cdn-cgi/image/width=242,height=212,quality=80,fit=crop,gravity=auto,format=webp/resources/images/gurgaon/tn-projectflagship/tn-m3m-antalya-hills-project-flagship1-6497.jpg",https://www.squareyards.com/gurgaon-residential-property/m3m-antalya-hills/201749/project,M3M Antalya Hills,₹ 1.13 Cr - 1.50 Cr,5.0,"['2704 units ', '53.8 Acres']",Sector 79 Gurgaon,"[{'unit type': '2 BHK 1193 Sq. Ft. Ind Floor', 'area': '1193 Sq. Ft.', 'price': '₹ 1.17 Cr'}, {'unit type': '2 BHK 1146 Sq. Ft. Ind Floor', 'area': '1146 Sq. Ft.', 'price': '₹ 1.13 Cr'}, {'unit type': '3 BHK 1528 Sq. Ft. Ind Floor', 'area': '1528 Sq. Ft.', 'price': '₹ 1.50 Cr'}]",Yes,Yes,Yes,Yes,Yes,Yes,No,Yes,Yes,Yes,Yes,No,Yes,Yes,Yes,Yes,No,No,Yes,Yes
3,"https://static.squareyards.com/cdn-cgi/image/width=242,height=212,quality=80,fit=crop,gravity=auto,format=webp/resources/images/gurgaon/tn-projectflagship/tn-smart-world-orchard-project-flagship1.jpg",https://www.squareyards.com/gurgaon-residential-property/smart-world-orchard/103238/project,Smart World Orchard,₹ 1.25 Cr - 2.57 Cr,4.6,"['2289 units ', '23.29 Acres']",Sector 61 Gurgaon,"[{'unit type': '2 BHK 1120 Sq. Ft. Ind Floor', 'area': '1120 Sq. Ft.', 'price': '₹ 1.76 Cr'}, {'unit type': '3 BHK 1630 Sq. Ft. Ind Floor', 'area': '1630 Sq. Ft.', 'price': '₹ 2.57 Cr'}, {'unit type': '500 Sq. Ft. Retail Shop', 'area': '500 Sq. Ft.', 'price': '₹ 1.25 Cr'}]",Yes,Yes,Yes,Yes,Yes,Yes,No,Yes,Yes,Yes,Yes,No,Yes,Yes,Yes,Yes,Yes,No,Yes,Yes
4,"https://static.squareyards.com/cdn-cgi/image/width=242,height=212,quality=80,fit=crop,gravity=auto,format=webp/resources/images/gurgaon/tn-projectflagship/tn-m3m-crown-project-flagship1-6186.jpg",https://www.squareyards.com/gurgaon-residential-property/m3m-crown/214724/project,M3M Crown,₹ 2.22 Cr - 3.61 Cr,5.0,"['1332 units ', '16 Acres']",Sector 111 Gurgaon,"[{'unit type': '3 BHK 1555 Sq. Ft. Apartment', 'area': '1555 Sq. Ft.', 'price': '₹ 2.22 Cr'}, {'unit type': '3 BHK 2050 Sq. Ft. Apartment', 'area': '2050 Sq. Ft.', 'price': '₹ 2.93 Cr'}, {'unit type': '4 BHK 2270 Sq. Ft. Apartment', 'area': '2270 Sq. Ft.', 'price': '₹ 3.25 Cr'}, {'unit type': '4 BHK 2525 Sq. Ft. Apartment', 'area': '2525 Sq. Ft.', 'price': '₹ 3.61 Cr'}]",Yes,Yes,Yes,Yes,Yes,Yes,No,Yes,Yes,Yes,Yes,Yes,Yes,Yes,Yes,Yes,No,No,Yes,Yes
5,"https://static.squareyards.com/cdn-cgi/image/width=242,height=212,quality=80,fit=crop,gravity=auto,format=webp/resources/images/gurgaon/tn-projectflagship/tn-signature-global-city-93-project-flagship1-5580.jpg",https://www.squareyards.com/gurgaon-residential-property/signature-global-city-93/216130/project,Signature Global City 93,₹ 85.57 Lac - 1.30 Cr,4.0,"['1246 units ', '17.31 Acres']",Sector 93 Gurgaon,"[{'unit type': '2 BHK 629 Sq. Ft. Apartment', 'area': '629 Sq. Ft.', 'price': '₹ 96.60 Lac'}, {'unit type': '2 BHK 502 Sq. Ft. Apartment', 'area': '502 Sq. Ft.', 'price': '₹ 85.57 Lac'}, {'unit type': '3 BHK 737 Sq. Ft. Apartment', 'area': '737 Sq. Ft.', 'price': '₹ 1.06 Cr'}, {'unit type': '3 BHK 951 Sq. Ft. Apartment', 'area': '951 Sq. Ft.', 'price': '₹ 1.30 Cr'}]",Yes,Yes,Yes,Yes,No,Yes,No,Yes,Yes,Yes,Yes,Yes,Yes,Yes,Yes,Yes,Yes,No,Yes,Yes
6,"https://static.squareyards.com/cdn-cgi/image/width=242,height=212,quality=80,fit=crop,gravity=auto,format=webp/resources/images/gurgaon/tn-projectflagship/tn-trehan-iris-broadway-project-flagship1-2524.jpg",https://www.squareyards.com/gurgaon-residential-property/trehan-iris-broadway/20992/project,Trehan Iris Broadway,Price on request,,['2.8 Acres'],Sector 85 Gurgaon,"[{'unit type': '555 Sq. Ft. Studio', 'area': '555 Sq. Ft.', 'price': 'Price on Request'}, {'unit type': '821 Sq. Ft. Studio', 'area': '821 Sq. Ft.', 'price': 'Price on Request'}, {'unit type': '200 Sq. Ft. Retail Shop', 'area': '200 Sq. Ft.', 'price': 'Price on Request'}, {'unit type': '300 Sq. Ft. Retail Shop', 'area': '300 Sq. Ft.', 'price': 'Price on Request'}]",Yes,Yes,Yes,No,No,No,No,No,No,No,Yes,Yes,Yes,Yes,No,Yes,Yes,Yes,Yes,No
7,"https://static.squareyards.com/cdn-cgi/image/width=242,height=212,quality=80,fit=crop,gravity=auto,format=webp/resources/images/gurgaon/tn-projectflagship/tn-dlf-the-arbour-project-flagship1-4076.jpg",https://www.squareyards.com/gurgaon-residential-property/dlf-the-arbour/214735/project,DLF The Arbour,6.82 Cr,,"['1137 units ', '25 Acres']",Sector 63 Gurgaon,"[{'unit type': '4 BHK 3900 Sq. Ft. Apartment', 'area': '3900 Sq. Ft.', 'price': '₹ 6.82 Cr'}]",Yes,Yes,Yes,Yes,Yes,Yes,No,Yes,No,Yes,Yes,Yes,Yes,Yes,Yes,No,No,No,Yes,Yes
8,"https://static.squareyards.com/cdn-cgi/image/width=242,height=212,quality=80,fit=crop,gravity=auto,format=webp/resources/images/gurgaon/tn-projectflagship/tn-m3m-golf-hills-project-flagship1-5190.jpg",https://www.squareyards.com/gurgaon-residential-property/m3m-golf-hills/220071/project,M3M Golf Hills,₹ 1.57 Cr - 2.63 Cr,,"['1309 units ', '53.38 Acres']",Sector 79 Gurgaon,"[{'unit type': '3 BHK 2100 Sq. Ft. Apartment', 'area': '2100 Sq. Ft.', 'price': '₹ 1.89 Cr'}, {'unit type': '3 BHK 1570 Sq. Ft. Apartment', 'area': '1570 Sq. Ft.', 'price': '₹ 1.57 Cr'}, {'unit type': '4 BHK 2635 Sq. Ft. Apartment', 'area': '2635 Sq. Ft.', 'price': '₹ 2.63 Cr'}]",Yes,Yes,Yes,Yes,Yes,Yes,No,Yes,Yes,Yes,Yes,Yes,Yes,Yes,Yes,Yes,No,No,Yes,Yes
9,"https://static.squareyards.com/cdn-cgi/image/width=242,height=212,quality=80,fit=crop,gravity=auto,format=webp/resources/images/gurgaon/tn-projectflagship/tn-smart-world-one-dxp-project-flagship1-3875.jpg",https://www.squareyards.com/gurgaon-residential-property/smart-world-one-dxp/210648/project,Smart World One DXP,₹ 1.78 Cr - 3.36 Cr,,"['976 units ', '16 Acres']",Sector 113 Gurgaon,"[{'unit type': '2 BHK 1377 Sq. Ft. Apartment', 'area': '1377 Sq. Ft.', 'price': '₹ 1.78 Cr'}, {'unit type': '3 BHK 1806 Sq. Ft. Apartment', 'area': '1806 Sq. Ft.', 'price': '₹ 2.34 Cr'}, {'unit type': '3 BHK 2015 Sq. Ft. Apartment', 'area': '2015 Sq. Ft.', 'price': '₹ 2.61 Cr'}, {'unit type': '4 BHK 2597 Sq. Ft. Apartment', 'area': '2597 Sq. Ft.', 'price': '₹ 3.36 Cr'}, {'unit type': '600 Sq. Ft. Retail Shop', 'area': '600 Sq. Ft.', 'price': 'Price on Request'}]",Yes,Yes,Yes,Yes,Yes,Yes,No,Yes,Yes,Yes,Yes,Yes,Yes,Yes,Yes,Yes,No,No,Yes,Yes
10,"https://static.squareyards.com/cdn-cgi/image/width=242,height=212,quality=80,fit=crop,gravity=auto,format=webp/resources/images/gurgaon/tn-projectflagship/tn-signature-global-city-79b-project-flagship1-7241.jpg",https://www.squareyards.com/gurgaon-residential-property/signature-global-city-79b/216718/project,Signature Global City 79B,₹ 82.82 Lac - 1.20 Cr,,"['776 units ', '12.48 Acres']",Sector 79B Gurgaon,"[{'unit type': '2 BHK 1211 Sq. Ft. Apartment', 'area': '1055 Sq. Ft.', 'price': '₹ 82.82 Lac'}, {'unit type': '3 BHK 1556 Sq. Ft. Apartment', 'area': '1325 Sq. Ft.', 'price': '₹ 1.04 Cr'}, {'unit type': '3 BHK 1831 Sq. Ft. Apartment', 'area': '1525 Sq. Ft.', 'price': '₹ 1.20 Cr'}]",Yes,Yes,Yes,Yes,Yes,Yes,No,Yes,Yes,Yes,Yes,Yes,No,Yes,Yes,Yes,Yes,No,Yes,Yes
11,"https://static.squareyards.com/cdn-cgi/image/width=242,height=212,quality=80,fit=crop,gravity=auto,format=webp/resources/images/gurgaon/tn-projectflagship/tn-signature-global-signum-37d-project-flagship1-8863.jpg",https://www.squareyards.com/gurgaon-residential-property/signature-global-signum-37d/146666/project,Signature Global Signum 37D,₹ 24.79 Lac - 1.08 Cr,,['248 units '],Sector 37D Gurgaon,"[{'unit type': '178 Sq. Ft. Retail Shop', 'area': '178 Sq. Ft.', 'price': '₹ 24.79 Lac'}, {'unit type': '677 Sq. Ft. Retail Shop', 'area': '677 Sq. Ft.', 'price': '₹ 1.08 Cr'}]",No,No,Yes,No,No,No,No,No,No,No,Yes,Yes,Yes,No,No,No,Yes,Yes,Yes,No
12,"https://static.squareyards.com/cdn-cgi/image/width=242,height=212,quality=80,fit=crop,gravity=auto,format=webp/resources/images/gurgaon/tn-projectflagship/tn-m3m-route-65-project-flagship1.jpg",https://www.squareyards.com/gurgaon-residential-property/m3m-route-65/175860/project,M3M Route 65,₹ 74.40 Lac - 2.08 Cr,5.0,"['727 units ', '4 Acres']",Sector 65 Gurgaon,"[{'unit type': '480 Sq. Ft. Retail Shop', 'area': '480 Sq. Ft.', 'price': '₹ 74.40 Lac'}, {'unit type': '1340 Sq. Ft. Retail Shop', 'area': '1340 Sq. Ft.', 'price': '₹ 2.08 Cr'}, {'unit type': '614 Sq. Ft. Retail Shop', 'area': '614 Sq. Ft.', 'price': '₹ 95.17 Lac'}]",No,No,Yes,No,No,No,No,No,No,No,Yes,Yes,Yes,No,No,No,Yes,Yes,Yes,No
13,"https://static.squareyards.com/cdn-cgi/image/width=242,height=212,quality=80,fit=crop,gravity=auto,format=webp/resources/images/gurgaon/tn-projectflagship/tn-bptp-terra-project-flagship1-4300.jpg",https://www.squareyards.com/gurgaon-residential-property/bptp-terra/270/project,BPTP Terra,₹ 1.41 Cr - 2.00 Cr,4.7,"['480 units ', '10.23 Acres']",Sector 37D Gurgaon,"[{'unit type': '2 BHK 1410 Sq. Ft. Apartment', 'area': '1410 Sq. Ft.', 'price': '₹ 1.41 Cr'}, {'unit type': '3 BHK 1691 Sq. Ft. Apartment', 'area': '1691 Sq. Ft.', 'price': '₹ 1.69 Cr'}, {'unit type': '4 BHK 1998 Sq. Ft. Apartment', 'area': '1998 Sq. Ft.', 'price': '₹ 2.00 Cr'}]",Yes,Yes,Yes,Yes,Yes,Yes,No,Yes,Yes,Yes,Yes,Yes,Yes,Yes,Yes,Yes,No,No,Yes,Yes
14,"https://static.squareyards.com/cdn-cgi/image/width=242,height=212,quality=80,fit=crop,gravity=auto,format=webp/resources/images/gurgaon/tn-projectflagship/tn-signature-global-park-4-and-5-project-flagship1.jpg",https://www.squareyards.com/gurgaon-residential-property/signature-global-park-4-and-5/101377/project,Signature Global Park 4 and 5,₹ 75.99 Lac - 83.16 Lac,,"['2120 units ', '25 Acres']",Sohna Sector 36 Gurgaon,"[{'unit type': '2 BHK 1022 Sq. Ft. Ind Floor', 'area': '1022 Sq. Ft.', 'price': '₹ 76.24 Lac'}, {'unit type': '2 BHK 1020 Sq. Ft. Ind Floor', 'area': '1020 Sq. Ft.', 'price': '₹ 75.99 Lac'}, {'unit type': '3 BHK 1120 Sq. Ft. Ind Floor', 'area': '1120 Sq. Ft.', 'price': '₹ 83.16 Lac'}]",Yes,Yes,Yes,Yes,Yes,Yes,No,Yes,Yes,Yes,Yes,No,Yes,Yes,Yes,Yes,No,No,Yes,Yes
15,"https://static.squareyards.com/cdn-cgi/image/width=242,height=212,quality=80,fit=crop,gravity=auto,format=webp/resources/images/gurgaon/tn-projectflagship/tn-signature-signum-81-project-flagship1.jpg",https://www.squareyards.com/gurgaon-residential-property/signature-signum-81/143536/project,Signature Signum 81,Price on request,,"['105 units ', '12 Acres']",Sector 81 Gurgaon,"[{'unit type': '200 Sq. Ft. Retail Shop', 'area': '200 Sq. Ft.', 'price': 'Price on Request'}, {'unit type': '400 Sq. Ft. Retail Shop', 'area': '400 Sq. Ft.', 'price': 'Price on Request'}]",No,No,Yes,No,No,No,No,No,No,No,Yes,No,Yes,No,No,No,Yes,No,Yes,No
16,"https://static.squareyards.com/cdn-cgi/image/width=242,height=212,quality=80,fit=crop,gravity=auto,format=webp/resources/images/gurgaon/tn-projectflagship/tn-aradhya-homes-project-flagship1.jpg",https://www.squareyards.com/gurgaon-residential-property/aradhya-homes/102314/project,Aradhya Homes,₹ 1.75 Cr - 1.95 Cr,,"['172 units ', '6.88 Acres']",Sector 67A Gurgaon,"[{'unit type': '4 BHK 2100 Sq. Ft. Ind Floor', 'area': '2100 Sq. Ft.', 'price': '₹ 1.75 Cr'}, {'unit type': '4 BHK 2200 Sq. Ft. Ind Floor', 'area': '2200 Sq. Ft.', 'price': '₹ 1.95 Cr'}]",Yes,Yes,Yes,Yes,No,Yes,No,No,No,No,Yes,Yes,Yes,Yes,Yes,No,No,Yes,Yes,Yes
17,"https://static.squareyards.com/cdn-cgi/image/width=242,height=212,quality=80,fit=crop,gravity=auto,format=webp/resources/images/gurgaon/tn-projectflagship/tn-adani-samsara-vilasa-project-flagship1.jpg",https://www.squareyards.com/gurgaon-residential-property/adani-samsara-vilasa/14119/project,Adani Samsara Vilasa,₹ 2.88 Cr - 5.50 Cr,,"['324 units ', '75 Acres']",Sector 63 Gurgaon,"[{'unit type': '3 BHK 1800 Sq. Ft. Ind Floor', 'area': '1800 Sq. Ft.', 'price': '₹ 2.88 Cr'}, {'unit type': '3 BHK 1870 Sq. Ft. Ind Floor', 'area': '1870 Sq. Ft.', 'price': '₹ 2.97 Cr'}, {'unit type': '3 BHK 2033 Sq. Ft. Ind Floor', 'area': '2033 Sq. Ft.', 'price': '₹ 4.00 Cr'}, {'unit type': '3 BHK 2059 Sq. Ft. Ind Floor', 'area': '2059 Sq. Ft.', 'price': '₹ 4.15 Cr'}, {'unit type': '4 BHK 2750 Sq. Ft. Ind Floor', 'area': '2750 Sq. Ft.', 'price': '₹ 5.30 Cr'}, {'unit type': '4 BHK 2321 Sq. Ft. Ind Floor', 'area': '2321 Sq. Ft.', 'price': '₹ 4.65 Cr'}, {'unit type': '4 BHK 2733 Sq. Ft. Ind Floor', 'area': '2733 Sq. Ft.', 'price': '₹ 5.50 Cr'}]",Yes,Yes,Yes,Yes,Yes,Yes,No,Yes,Yes,Yes,Yes,No,Yes,Yes,Yes,No,No,No,Yes,Yes
18,"https://static.squareyards.com/cdn-cgi/image/width=242,height=212,quality=80,fit=crop,gravity=auto,format=webp/resources/images/gurgaon/tn-projectflagship/tn-smart-world-gems-project-flagship1.jpg",https://www.squareyards.com/gurgaon-residential-property/smart-world-gems/106590/project,Smart World Gems,₹ 1.02 Cr - 1.32 Cr,,"['2024 units ', '52.27 Acres']",Sector 89 Gurgaon,"[{'unit type': '2 BHK 1103 Sq. Ft. Ind Floor', 'area': '1103 Sq. Ft.', 'price': '₹ 1.02 Cr'}, {'unit type': '3 BHK 1423 Sq. Ft. Ind Floor', 'area': '1423 Sq. Ft.', 'price': '₹ 1.32 Cr'}]",Yes,Yes,Yes,Yes,Yes,Yes,No,Yes,Yes,Yes,Yes,Yes,Yes,Yes,Yes,Yes,No,No,Yes,Yes
19,"https://static.squareyards.com/cdn-cgi/image/width=242,height=212,quality=80,fit=crop,gravity=auto,format=webp/resources/images/gurgaon/tn-projectflagship/tn-signature-global-city-project-flagship1.jpg",https://www.squareyards.com/gurgaon-residential-property/signature-global-city/108011/project,Signature Global City,₹ 24.79 Lac - 1.20 Cr,4.7,"['1508 units ', '28.58 Acres']",Sector 37D Gurgaon,"[{'unit type': '2 BHK 990 Sq. Ft. Ind Floor', 'area': '990 Sq. Ft.', 'price': '₹ 69.07 Lac'}, {'unit type': '2 BHK 1060 Sq. Ft. Ind Floor', 'area': '1060 Sq. Ft.', 'price': '₹ 82.00 Lac'}, {'unit type': '3 BHK 1250 Sq. Ft. Ind Floor', 'area': '1250 Sq. Ft.', 'price': '₹ 87.20 Lac'}, {'unit type': '3 BHK 1440 Sq. Ft. Ind Floor', 'area': '1440 Sq. Ft.', 'price': '₹ 1.00 Cr'}, {'unit type': '3 BHK 1535 Sq. Ft. Ind Floor', 'area': '1535 Sq. Ft.', 'price': '₹ 1.20 Cr'}, {'unit type': '178 Sq. Ft. Retail Shop', 'area': '178 Sq. Ft.', 'price': '₹ 24.79 Lac'}, {'unit type': '370 Sq. Ft. Retail Shop', 'area': '370 Sq. Ft.', 'price': '₹ 59.12 Lac'}, {'unit type': '677 Sq. Ft. Retail Shop', 'area': '677 Sq. Ft.', 'price': '₹ 1.08 Cr'}]",Yes,Yes,Yes,Yes,Yes,Yes,No,Yes,Yes,Yes,Yes,No,Yes,Yes,Yes,Yes,No,No,Yes,Yes
20,"https://static.squareyards.com/cdn-cgi/image/width=242,height=212,quality=80,fit=crop,gravity=auto,format=webp/resources/images/gurgaon/tn-projectflagship/tn-signature-global-city-63a-project-flagship1.jpg",https://www.squareyards.com/gurgaon-residential-property/signature-global-city-63a/160059/project,Signature Global City 63A,₹ 1.47 Cr - 1.97 Cr,5.0,"['254 units ', '5 Acres']",Sector 63A Gurgaon,"[{'unit type': '2 BHK 1050 Sq. Ft. Ind Floor', 'area': '1050 Sq. Ft.', 'price': '₹ 1.47 Cr'}, {'unit type': '3 BHK 1305 Sq. Ft. Ind Floor', 'area': '1305 Sq. Ft.', 'price': '₹ 1.77 Cr'}, {'unit type': '3 BHK 1470 Sq. Ft. Ind Floor', 'area': '1470 Sq. Ft.', 'price': '₹ 1.97 Cr'}]",Yes,Yes,Yes,Yes,No,No,No,Yes,Yes,Yes,Yes,No,Yes,Yes,Yes,Yes,No,Yes,Yes,Yes
21,"https://static.squareyards.com/cdn-cgi/image/width=242,height=212,quality=80,fit=crop,gravity=auto,format=webp/resources/images/gurgaon/tn-projectflagship/tn-godrej-summit-project-flagship1.jpg",https://www.squareyards.com/gurgaon-residential-property/godrej-summit/261/project,Godrej Summit,₹ 96.34 Lac - 2.04 Cr,5.0,"['1154 units ', '22 Acres']",Sector 104 Gurgaon,"[{'unit type': '2 BHK 1269 Sq. Ft. Apartment', 'area': '1269 Sq. Ft.', 'price': '₹ 96.34 Lac'}, {'unit type': '2 BHK 1446 Sq. Ft. Apartment', 'area': '1446 Sq. Ft.', 'price': '₹ 1.10 Cr'}, {'unit type': '3 BHK 1712 Sq. Ft. Apartment', 'area': '1712 Sq. Ft.', 'price': '₹ 1.30 Cr'}, {'unit type': '3 BHK 1844 Sq. Ft. Apartment', 'area': '1844 Sq. Ft.', 'price': '₹ 1.40 Cr'}, {'unit type': '3 BHK 1647 Sq. Ft. Apartment', 'area': '1647 Sq. Ft.', 'price': '₹ 1.25 Cr'}, {'unit type': '3 BHK 1816 Sq. Ft. Apartment', 'area': '1816 Sq. Ft.', 'price': '₹ 1.38 Cr'}, {'unit type': '4 BHK 2324 Sq. Ft. Apartment', 'area': '2324 Sq. Ft.', 'price': '₹ 1.76 Cr'}, {'unit type': '4 BHK 2692 Sq. Ft. Apartment', 'area': '2692 Sq. Ft.', 'price': '₹ 2.04 Cr'}]",Yes,Yes,Yes,Yes,Yes,Yes,Yes,Yes,Yes,Yes,Yes,Yes,Yes,Yes,Yes,Yes,Yes,No,Yes,Yes
22,"https://static.squareyards.com/cdn-cgi/image/width=242,height=212,quality=80,fit=crop,gravity=auto,format=webp/resources/images/gurgaon/tn-projectflagship/tn-dlf-garden-city-independent-floors-project-flagship1.jpg",https://www.squareyards.com/gurgaon-residential-property/dlf-garden-city-independent-floors/103567/project,DLF Garden City Independent Floors,₹ 1.90 Cr - 2.52 Cr,,"['472 units ', '101 Acres']",Sector 92 Gurgaon,"[{'unit type': '4 BHK 2626 Sq. Ft. Ind Floor', 'area': '2626 Sq. Ft.', 'price': '₹ 1.90 Cr'}, {'unit type': '4 BHK 3158 Sq. Ft. Ind Floor', 'area': '3158 Sq. Ft.', 'price': '₹ 2.28 Cr'}, {'unit type': '4 BHK 3480 Sq. Ft. Ind Floor', 'area': '3480 Sq. Ft.', 'price': '₹ 2.52 Cr'}]",Yes,No,Yes,Yes,No,Yes,No,Yes,No,Yes,Yes,Yes,Yes,Yes,Yes,No,No,No,Yes,Yes
23,"https://static.squareyards.com/cdn-cgi/image/width=242,height=212,quality=80,fit=crop,gravity=auto,format=webp/resources/images/gurgaon/tn-projectflagship/tn-paras-dews-project-flagship1.jpg",https://www.squareyards.com/gurgaon-residential-property/paras-dews/247/project,Paras Dews,₹ 90.00 Lac - 2.92 Cr,4.8,"['724 units ', '13.76 Acres']",Sector 106 Gurgaon,"[{'unit type': '2 BHK 1385 Sq. Ft. Apartment', 'area': '1385 Sq. Ft.', 'price': '₹ 90.00 Lac'}, {'unit type': '3 BHK 1665 Sq. Ft. Apartment', 'area': '1665 Sq. Ft.', 'price': '₹ 1.08 Cr'}, {'unit type': '3 BHK 1760 Sq. Ft. Apartment', 'area': '1760 Sq. Ft.', 'price': '₹ 1.14 Cr'}, {'unit type': '4 BHK 2275 Sq. Ft. Apartment', 'area': '2275 Sq. Ft.', 'price': '₹ 1.48 Cr'}, {'unit type': '5 BHK 4500 Sq. Ft. Penthouse', 'area': '4500 Sq. Ft.', 'price': '₹ 2.92 Cr'}]",Yes,Yes,Yes,Yes,Yes,Yes,No,Yes,Yes,Yes,Yes,Yes,Yes,Yes,Yes,No,No,No,Yes,Yes
24,"https://static.squareyards.com/cdn-cgi/image/width=242,height=212,quality=80,fit=crop,gravity=auto,format=webp/resources/images/gurgaon/tn-projectflagship/tn-ss-linden-project-flagship1.jpg",https://www.squareyards.com/gurgaon-residential-property/ss-linden/112771/project,SS Linden,1.65 Cr,,"['665 units ', '27 Acres']",Sector 84 Gurgaon,"[{'unit type': '4 BHK 2637 Sq. Ft. Ind Floor', 'area': '1488 Sq. Ft.', 'price': '₹ 1.65 Cr'}, {'unit type': '4144 Sq. Ft. Plot', 'area': '4144 Sq. Ft.', 'price': 'Price on Request'}]",Yes,No,Yes,Yes,No,Yes,No,Yes,No,Yes,Yes,Yes,Yes,Yes,Yes,No,No,No,Yes,Yes
25,"https://static.squareyards.com/cdn-cgi/image/width=242,height=212,quality=80,fit=crop,gravity=auto,format=webp/resources/images/gurgaon/tn-projectflagship/tn-bestech-park-view-altura-flagshipimg1.jpg",https://www.squareyards.com/gurgaon-residential-property/bestech-park-view-altura/8469/project,Bestech Park View Altura,₹ 1.71 Cr - 2.35 Cr,,"['510 units ', '12 Acres']",Sector 79 Gurgaon,"[{'unit type': '3 BHK 2015 Sq. Ft. Apartment', 'area': '2015 Sq. Ft.', 'price': '₹ 1.71 Cr'}, {'unit type': '3 BHK 2050 Sq. Ft. Apartment', 'area': '2050 Sq. Ft.', 'price': '₹ 1.74 Cr'}, {'unit type': '3 BHK 2150 Sq. Ft. Apartment', 'area': '2150 Sq. Ft.', 'price': '₹ 1.83 Cr'}, {'unit type': '4 BHK 2765 Sq. Ft. Apartment', 'area': '2765 Sq. Ft.', 'price': '₹ 2.35 Cr'}]",Yes,Yes,Yes,Yes,Yes,Yes,No,Yes,No,Yes,Yes,Yes,Yes,Yes,Yes,No,No,No,Yes,Yes
26,"https://static.squareyards.com/cdn-cgi/image/width=242,height=212,quality=80,fit=crop,gravity=auto,format=webp/resources/images/gurgaon/tn-projectflagship/tn-silverglades-the-melia-project-flagship1.jpg",https://www.squareyards.com/gurgaon-residential-property/silverglades-the-melia/823/project,Silverglades The Melia,₹ 1.10 Cr - 1.87 Cr,,"['990 units ', '17.5 Acres']",Sohna Sector 35 Gurgaon,"[{'unit type': '2 BHK 1425 Sq. Ft. Apartment', 'area': '873 Sq. Ft.', 'price': '₹ 1.10 Cr'}, {'unit type': '3 BHK 1845 Sq. Ft. Apartment', 'area': '1180 Sq. Ft.', 'price': '₹ 1.42 Cr'}, {'unit type': '4 BHK 2435 Sq. Ft. Apartment', 'area': '1579 Sq. Ft.', 'price': '₹ 1.87 Cr'}]",Yes,Yes,Yes,Yes,Yes,Yes,No,Yes,Yes,Yes,Yes,Yes,Yes,Yes,Yes,No,No,No,Yes,Yes
27,"https://static.squareyards.com/cdn-cgi/image/width=242,height=212,quality=80,fit=crop,gravity=auto,format=webp/resources/images/gurgaon/tn-projectflagship/tn-conscient-hines-elevate-flagshipimg1.jpg",https://www.squareyards.com/gurgaon-residential-property/conscient-hines-elevate/10610/project,Conscient Hines Elevate,₹ 3.87 Cr - 6.28 Cr,4.4,"['654 units ', '7.78 Acres']",Sector 59 Gurgaon,"[{'unit type': '3 BHK 2095 Sq. Ft. Apartment', 'area': '1159 Sq. Ft.', 'price': '₹ 3.87 Cr'}, {'unit type': '3 BHK 2595 Sq. Ft. Apartment', 'area': '1432 Sq. Ft.', 'price': '₹ 4.80 Cr'}, {'unit type': '3 BHK 2295 Sq. Ft. Apartment', 'area': '1274 Sq. Ft.', 'price': '₹ 4.24 Cr'}, {'unit type': '4 BHK 3395 Sq. Ft. Apartment', 'area': '1855 Sq. Ft.', 'price': '₹ 6.28 Cr'}]",Yes,Yes,Yes,Yes,Yes,Yes,Yes,Yes,Yes,Yes,Yes,Yes,Yes,Yes,Yes,Yes,No,No,Yes,Yes
28,"https://static.squareyards.com/cdn-cgi/image/width=242,height=212,quality=80,fit=crop,gravity=auto,format=webp/resources/images/gurgaon/tn-projectflagship/tn-m3m-urbana-project-flagship1.jpg",https://www.squareyards.com/gurgaon-residential-property/m3m-urbana/8685/project,M3M Urbana,Price on request,4.7,"['416 units ', '11 Acres']",Sector 67 Gurgaon,"[{'unit type': '300 Sq. Ft. Retail Shop', 'area': '300 Sq. Ft.', 'price': 'Price on Request'}, {'unit type': '2000 Sq. Ft. Retail Shop', 'area': '2000 Sq. Ft.', 'price': 'Price on Request'}]",No,No,Yes,No,No,No,No,No,No,No,Yes,Yes,Yes,No,No,No,Yes,Yes,Yes,No
29,"https://static.squareyards.com/cdn-cgi/image/width=242,height=212,quality=80,fit=crop,gravity=auto,format=webp/resources/images/gurgaon/tn-projectflagship/tn-birla-navya-anaika-project-flagship1.jpg",https://www.squareyards.com/gurgaon-residential-property/birla-navya-anaika/165060/project,Birla Navya Anaika,₹ 3.21 Cr - 3.93 Cr,,"['120 units ', '2 Acres']",Sector 63A Gurgaon,"[{'unit type': '3 BHK 1600 Sq. Ft. Apartment', 'area': '1600 Sq. Ft.', 'price': '₹ 3.21 Cr'}, {'unit type': '3 BHK 1654 Sq. Ft. Apartment', 'area': '1654 Sq. Ft.', 'price': '₹ 3.32 Cr'}, {'unit type': '4 BHK 1900 Sq. Ft. Apartment', 'area': '1900 Sq. Ft.', 'price': '₹ 3.93 Cr'}, {'unit type': '4 BHK 1841 Sq. Ft. Apartment', 'area': '1841 Sq. Ft.', 'price': '₹ 3.81 Cr'}]",Yes,Yes,Yes,Yes,Yes,Yes,Yes,Yes,No,Yes,Yes,Yes,Yes,Yes,Yes,No,No,No,Yes,Yes
30,"https://static.squareyards.com/cdn-cgi/image/width=242,height=212,quality=80,fit=crop,gravity=auto,format=webp/resources/images/gurgaon/tn-projectflagship/tn-pyramid-urban-homes-project-flagship1.jpg",https://www.squareyards.com/gurgaon-residential-property/pyramid-urban-homes/21253/project,Pyramid Urban Homes,₹ 13.92 Lac - 21.00 Lac,4.4,"['1613 units ', '9.87 Acres']",Sector 70A Gurgaon,"[{'unit type': '1 BHK 348 Sq. Ft. Apartment', 'area': '348 Sq. Ft.', 'price': '₹ 13.92 Lac'}, {'unit type': '1 BHK 354 Sq. Ft. Apartment', 'area': '354 Sq. Ft.', 'price': '₹ 14.16 Lac'}, {'unit type': '2 BHK 501 Sq. Ft. Apartment', 'area': '501 Sq. Ft.', 'price': '₹ 20.04 Lac'}, {'unit type': '2 BHK 525 Sq. Ft. Apartment', 'area': '525 Sq. Ft.', 'price': '₹ 21.00 Lac'}]",Yes,Yes,Yes,Yes,No,Yes,No,Yes,No,Yes,Yes,Yes,No,Yes,Yes,No,No,No,Yes,Yes
31,"https://static.squareyards.com/cdn-cgi/image/width=242,height=212,quality=80,fit=crop,gravity=auto,format=webp/resources/images/gurgaon/tn-projectflagship/tn-tulip-yellow-project-flagship1.jpg",https://www.squareyards.com/gurgaon-residential-property/tulip-yellow/30237/project,Tulip Yellow,1.36 Cr,,"['630 units ', '7.45 Acres']",Sector 69 Gurgaon,"[{'unit type': '3 BHK 1704 Sq. Ft. Apartment', 'area': '1034 Sq. Ft.', 'price': '₹ 1.36 Cr'}]",Yes,Yes,Yes,Yes,Yes,Yes,No,Yes,Yes,Yes,Yes,Yes,Yes,Yes,Yes,No,No,No,Yes,Yes
32,"https://static.squareyards.com/cdn-cgi/image/width=242,height=212,quality=80,fit=crop,gravity=auto,format=webp/resources/images/gurgaon/tn-projectflagship/tn-hero-homes-gurgaon-flagshipimg1.jpg",https://www.squareyards.com/gurgaon-residential-property/hero-homes-gurgaon/10213/project,Hero Homes Gurgaon,₹ 1.05 Cr - 1.65 Cr,5.0,"['1039 units ', '9.05 Acres']",Sector 104 Gurgaon,"[{'unit type': '2 BHK 683 Sq. Ft. Apartment', 'area': '683 Sq. Ft.', 'price': '₹ 1.05 Cr'}, {'unit type': '3 BHK 861 Sq. Ft. Apartment', 'area': '861 Sq. Ft.', 'price': '₹ 1.35 Cr'}, {'unit type': '3 BHK 884 Sq. Ft. Apartment', 'area': '884 Sq. Ft.', 'price': '₹ 1.45 Cr'}, {'unit type': '3 BHK 1082 Sq. Ft. Apartment', 'area': '1082 Sq. Ft.', 'price': '₹ 1.65 Cr'}]",Yes,Yes,Yes,Yes,Yes,Yes,Yes,Yes,No,Yes,Yes,Yes,Yes,Yes,Yes,No,No,No,Yes,Yes
33,"https://static.squareyards.com/cdn-cgi/image/width=242,height=212,quality=80,fit=crop,gravity=auto,format=webp/resources/images/gurgaon/tn-projectflagship/tn-tata-la-vida-flagshipimg1.jpg",https://www.squareyards.com/gurgaon-residential-property/tata-la-vida/8560/project,Tata La Vida,₹ 1.35 Cr - 1.70 Cr,5.0,"['680 units ', '12 Acres']",Sector 113 Gurgaon,"[{'unit type': '2 BHK 1276 Sq. Ft. Apartment', 'area': '1276 Sq. Ft.', 'price': '₹ 1.35 Cr'}, {'unit type': '2 BHK 1330 Sq. Ft. Apartment', 'area': '1330 Sq. Ft.', 'price': '₹ 1.40 Cr'}, {'unit type': '2 BHK 1573 Sq. Ft. Apartment', 'area': '1573 Sq. Ft.', 'price': '₹ 1.65 Cr'}, {'unit type': '3 BHK 1579 Sq. Ft. Apartment', 'area': '1579 Sq. Ft.', 'price': '₹ 1.70 Cr'}]",Yes,Yes,Yes,Yes,Yes,Yes,Yes,Yes,Yes,Yes,Yes,Yes,Yes,Yes,Yes,No,No,No,Yes,Yes
34,"https://static.squareyards.com/cdn-cgi/image/width=242,height=212,quality=80,fit=crop,gravity=auto,format=webp/resources/images/gurgaon/tn-projectflagship/tn-aipl-joy-square-flagshipimg1.jpg",https://www.squareyards.com/gurgaon-residential-property/aipl-joy-square/10347/project,AIPL Joy Square,₹ 21.94 Lac - 4.39 Cr,,['2.84 Acres'],Sector 63A Gurgaon,"[{'unit type': '250 Sq. Ft. Retail Shop', 'area': '250 Sq. Ft.', 'price': '₹ 21.94 Lac'}, {'unit type': '500 Sq. Ft. Retail Shop', 'area': '500 Sq. Ft.', 'price': '₹ 43.88 Lac'}, {'unit type': '1000 Sq. Ft. Retail Shop', 'area': '1000 Sq. Ft.', 'price': '₹ 87.75 Lac'}, {'unit type': '1500 Sq. Ft. Retail Shop', 'area': '1500 Sq. Ft.', 'price': '₹ 1.32 Cr'}, {'unit type': '2000 Sq. Ft. Retail Shop', 'area': '2000 Sq. Ft.', 'price': '₹ 1.75 Cr'}, {'unit type': '5000 Sq. Ft. Retail Shop', 'area': '5000 Sq. Ft.', 'price': '₹ 4.39 Cr'}]",Yes,Yes,Yes,No,No,No,No,No,No,No,Yes,Yes,Yes,No,No,No,Yes,Yes,Yes,No
35,"https://static.squareyards.com/cdn-cgi/image/width=242,height=212,quality=80,fit=crop,gravity=auto,format=webp/resources/images/gurgaon/tn-projectflagship/tn-whiteland-blissville-project-flagship1.jpg",https://www.squareyards.com/gurgaon-residential-property/whiteland-blissville/171090/project,Whiteland Blissville,₹ 1.67 Cr - 2.04 Cr,5.0,"['738 units ', '7.3 Acres']",Sector 76 Gurgaon,"[{'unit type': '3 BHK 1309 Sq. Ft. Ind Floor', 'area': '1309 Sq. Ft.', 'price': '₹ 1.67 Cr'}, {'unit type': '3 BHK 1600 Sq. Ft. Ind Floor', 'area': '1600 Sq. Ft.', 'price': '₹ 2.04 Cr'}, {'unit type': '109 Sq. Ft. Retail Shop', 'area': '109 Sq. Ft.', 'price': 'Price on Request'}, {'unit type': '456 Sq. Ft. Retail Shop', 'area': '456 Sq. Ft.', 'price': 'Price on Request'}]",Yes,Yes,Yes,Yes,No,Yes,No,Yes,Yes,Yes,Yes,No,Yes,Yes,Yes,No,No,No,Yes,Yes
